userId,name,postal_address,email,phone
1,Omar Huffman,"133 Carolyn Ferry Suite 931, Robertview, SC 29944",omar.huffman@sanders-cross.org,229.771.8141x21652
2,Mr. Jason Love,"3568 Mary Shores, East Kendrabury, CT 06346",mr..jason.love@lopez.com,(788)650-2744x51350
3,Angela Thompson,"092 Matthew Court, North Brittanyland, DE 19723",angela.thompson@cardenas-berry.com,(623)401-2108
4,Jessica Sherman,"6563 Eddie Plaza, West Alexandermouth, AL 36166",jessica.sherman@stephens.com,001-640-946-4315x8166
5,Oscar Harmon,"996 Jeffrey Shoals, Port Deborah, NE 68047",oscar.harmon@reese-mcintyre.com,(753)699-4083
6,Jessica Wilson,"2014 Richmond Views Suite 149, Lake Casey, IL 60267",jessica.wilson@bush.biz,(967)730-8059x2456
7,Kyle Bailey,"490 Melinda Ranch Suite 258, Barkermouth, LA 70382",kyle.bailey@tran.com,+1-988-998-1773x91155
8,John Henderson,"3948 Cook Throughway, Welchburgh, WV 24817",john.henderson@hernandez.com,(339)507-8937
9,Tracey Irwin,"802 Andrew Causeway, New Robinshire, AZ 86402",tracey.irwin@calderon-howard.com,001-855-839-2518x90096
10,Margaret Allen,"9831 Hart Lake Apt. 872, East Amandahaven, LA 70276",margaret.allen@morris.com,858-365-2609
11,Stacy Grant,"15924 Richards Locks, New Lucas, NM 87797",stacy.grant@monroe.net,+1-231-799-3665x63329
12,Kim Brooks,"686 Ferguson Drive Apt. 831, Teresaside, NE 68047",kim.brooks@page.com,857.916.1301
13,Nicholas Bolton,"2613 Katherine Station, Juliachester, WY 82244",nicholas.bolton@anderson-garcia.com,(556)222-9823
14,Laurie Kirk,"1388 Nathan Forks, Harrisstad, AK 99560",laurie.kirk@rios-wong.com,532-887-4564
15,Angela Garcia,"9873 Raymond Dale, New Wendy, RI 02835",angela.garcia@jones.biz,557-281-2855x373
16,Wayne Smith,"269 Mary Crescent Apt. 918, South Kathleentown, TX 75981",wayne.smith@gibson.org,904.750.5509
17,Dylan Robinson,"98496 Michael Via Apt. 186, Lake Rebeccashire, CO 80144",dylan.robinson@white-brown.com,(595)349-0996x73571
18,Katie Brown,"5793 Adams Station Apt. 770, Lake Carrie, MS 39765",katie.brown@wilson-webb.com,761.268.8147x8679
19,Misty Williams,"128 Brown Estates Apt. 204, Port Matthew, IN 47361",misty.williams@mcdaniel.com,689-886-9216x260
20,Nicole Ramsey,"1163 Frank Harbor Suite 868, North Gabrielle, MS 38772",nicole.ramsey@reynolds.org,+1-296-824-0673x85573
21,William Smith,"4769 Ramos Coves, Joanchester, AR 72516",william.smith@smith.com,380.815.3574x408
22,Anthony Espinoza,"1836 Chad Valleys Apt. 466, Andrewland, ME 04889",anthony.espinoza@english.biz,787.213.3601x455
23,Julia Compton,"37890 Zachary Fields, South Jenniferland, KY 42127",julia.compton@medina-barry.com,+1-859-545-7713x1291
24,Joseph Chambers,"1679 Banks Flat, Goodland, NV 88958",joseph.chambers@hernandez.net,(568)927-3123x57659
25,Jennifer Cohen,"55347 Timothy Haven Apt. 983, West Brian, LA 71154",jennifer.cohen@wood-garcia.com,+1-628-536-2334x1942
26,Theodore Barnett,"05305 Dean Park Apt. 601, Jeremytown, RI 02845",theodore.barnett@rogers.com,+1-263-217-2199x332
27,Frank Davis,"6231 Ballard Coves Apt. 808, New Leahborough, AL 35004",frank.davis@le-moore.com,4668371220
28,Michael Stone,"935 Grant Court, North Daniel, DE 19952",michael.stone@olsen.com,659.278.5401x302
29,Kathleen Schroeder,"198 Cindy Common, East Andrew, MT 59161",kathleen.schroeder@spears.org,566-692-0535x35610
30,Aaron Castro,"7721 Peterson Lock, New Jeremiah, WA 98409",aaron.castro@soto-collier.net,+1-494-597-5625
31,Andrew Willis,"52640 Elaine Shore, Nunezhaven, KS 67144",andrew.willis@kim.com,(918)416-3773x856
32,Angela Carr,"1679 Banks Flat, Goodland, NV 88958",angela.carr@mathis-day.com,(757)787-0547
33,Cynthia Owens,"15924 Richards Locks, New Lucas, NM 87797",cynthia.owens@conway.com,337-477-9815x4174
34,Courtney Salinas,"24744 Lynn Shores Apt. 236, Katiehaven, GA 31912",courtney.salinas@gordon.info,583.242.0179
35,Sierra Thomas,"953 Coleman Lights, Carterberg, TX 79012",sierra.thomas@rosario.info,001-857-872-9988x9856
36,Cody Lopez,"60894 Hooper Squares, Eatonside, MT 59831",cody.lopez@ferguson.net,4977611744
37,Kevin Hill,"1640 Shea Turnpike, Turnermouth, WI 54057",kevin.hill@valdez.com,9636458040
38,Michelle Harris,"7978 Martinez Village Suite 478, Lake Timothyland, AL 36675",michelle.harris@wright.com,274-386-8607x4445
39,James Nunez,"881 Dwayne Brook, New Larry, PA 15175",james.nunez@rogers.com,220.740.1741x951
40,Cynthia Wilkerson,"36600 Melissa Station, Hendricksborough, DC 20026",cynthia.wilkerson@reilly-arroyo.net,3249778440
41,Rhonda Simon MD,"2125 Patricia Throughway, Port Brianport, KS 67613",rhonda.simon.md@mills.com,(738)759-7538x34125
42,Todd Gonzalez,"933 Porter Port Suite 274, Thompsonhaven, IN 47160",todd.gonzalez@moore-johnson.com,423-778-2691x39399
43,Russell Price,"29001 Le Estate, Fryetown, UT 84417",russell.price@bennett-freeman.net,(396)612-8775x42917
44,Shelley Booth,"6231 Ballard Coves Apt. 808, New Leahborough, AL 35004",shelley.booth@barrera.com,(851)987-7165x2539
45,Ashley Lloyd,"8097 Lowe Unions Apt. 174, Davidstad, NH 03836",ashley.lloyd@brooks.com,001-653-489-2295
46,Jennifer Allen,"56276 Graham Meadow Suite 621, New Lauren, LA 70719",jennifer.allen@jackson.biz,678.235.8314
47,Randall Bray,"544 Hudson Roads, South Ashley, AR 72212",randall.bray@moran.com,880-537-9041x1283
48,Gabriel Davila,"597 Dean Street Suite 534, North Thomasside, OR 97506",gabriel.davila@jordan.net,332-345-4109x9104
49,Michael Williamson,"05832 Krystal Fields, Lake Mark, AL 35478",michael.williamson@williams.com,774.925.6865
50,Robin Smith,"686 Best Shoals, Bullockport, MT 59329",robin.smith@owens.com,001-216-537-4337x2214
51,Bradley Cooper,"5793 Adams Station Apt. 770, Lake Carrie, MS 39765",bradley.cooper@ruiz.com,(270)755-3572x35735
52,Erika Pearson,"09475 Lara Underpass Suite 947, Marcusfort, UT 84475",erika.pearson@campbell-wright.com,+1-782-443-1586x33229
53,Patricia Johnson,"516 Obrien Plaza, Rushtown, MS 39760",patricia.johnson@johnson.com,+1-934-437-4012x07720
54,Linda Whitaker,"1836 Chad Valleys Apt. 466, Andrewland, ME 04889",linda.whitaker@tapia-le.com,610.780.1156x861
55,Daniel Martin,"198 Cindy Common, East Andrew, MT 59161",daniel.martin@gallagher-barrera.com,411.364.1130x2935
56,Dr. Angela Johnson,"79305 Susan Burgs, Doylestad, NJ 08613",dr..angela.johnson@jackson.com,+1-387-360-7681x81763
57,David Armstrong,"1640 Shea Turnpike, Turnermouth, WI 54057",david.armstrong@blankenship.com,205.888.0237
58,Michael Hill,"7235 Rowe Fort, Sandratown, MD 21154",michael.hill@king.org,(692)568-6020
59,Evelyn Dixon,"5055 Jean Ramp, Watsonfort, HI 96716",evelyn.dixon@glover.com,+1-586-413-3499x58267
60,Joshua Robinson,"08410 Andre Land Suite 450, Clarkville, CO 81310",joshua.robinson@evans.com,226-505-2254
61,Michael Arnold,"951 Ramirez Ports Apt. 353, Lindsayville, IN 46291",michael.arnold@scott.com,+1-314-625-4985
62,John Wiggins,"1812 Rodriguez Vista, Lake Philipbury, CA 91742",john.wiggins@garcia.com,478.312.5154
63,Seth Robertson,"544 Hudson Roads, South Ashley, AR 72212",seth.robertson@mitchell.com,856.411.5681
64,Stephen Rogers,"506 Sonya Centers Apt. 406, Ryanstad, ID 83717",stephen.rogers@smith.org,356.804.4341x13916
65,Patricia Matthews,"4409 Emily Vista Apt. 649, Lake Dakota, NV 89077",patricia.matthews@lara-zamora.org,001-801-963-5078x49412
66,Jennifer Norton,"401 John Walks, New Gregory, NE 68070",jennifer.norton@reed-mason.com,701.887.3961
67,Maria Washington,"04288 Martin Shoals Suite 295, North Samantha, AR 72138",maria.washington@mcintyre.com,(301)753-7684
68,Jordan Brown,"516 Obrien Plaza, Rushtown, MS 39760",jordan.brown@williams-morrow.com,683.465.0438x04703
69,Traci Wiggins,"92178 Harris Mission Apt. 174, Stevenfurt, DE 19853",traci.wiggins@cummings.biz,+1-902-692-6040x3526
70,Sarah Jimenez,"8534 Samantha Cliff Suite 435, Stevenside, MA 02450",sarah.jimenez@mcdonald.com,+1-648-988-7261x44079
71,Andre Stark,"274 Cooper Road, Lake Luis, VA 23405",andre.stark@fitzpatrick.biz,(648)787-2661x815
72,Michael Simmons,"24744 Lynn Shores Apt. 236, Katiehaven, GA 31912",michael.simmons@vance-stone.com,267.248.4956
73,Angela Robertson,"8395 Judith Estate Suite 751, West William, NC 28881",angela.robertson@murphy.com,373-676-1717
74,Christopher Hooper,"675 Joshua Forge Suite 524, Boonestad, CA 91539",christopher.hooper@simmons.com,685.769.4193x34458
75,Kim Williams,"861 Jeffrey Road, Wayneburgh, WI 54384",kim.williams@cobb-burke.org,+1-446-681-9230x999
76,Valerie Jackson,"9926 Hill Hill, Burkeberg, OK 73132",valerie.jackson@vincent.com,(513)463-1501x964
77,Amy Fischer,"28899 Sharon Throughway Suite 357, Dayland, KY 42780",amy.fischer@baker-johnson.net,202-441-6162
78,Jonathan Obrien,"686 Ferguson Drive Apt. 831, Teresaside, NE 68047",jonathan.obrien@quinn.com,372-365-0349
79,Hannah Armstrong,"6993 Rita Club Apt. 421, North Ronniestad, RI 02859",hannah.armstrong@mcbride.biz,222.221.1310
80,Edwin Romero,"163 Maldonado Mission, Dawnview, CO 80334",edwin.romero@gray-smith.net,001-959-641-3311x2872
81,Erin Jensen,"15163 Baker Turnpike Apt. 372, North Joseph, TX 79658",erin.jensen@simmons-chang.com,669-333-4647
82,Brian Smith,"606 Cheryl Keys Apt. 822, Millerberg, TX 78825",brian.smith@wright.com,+1-324-401-0790
83,Jason Thornton,"27993 Hart Place Apt. 886, North David, AZ 85219",jason.thornton@martinez.com,(211)251-1369
84,Daniel Lester,"851 Schultz Stravenue, Lake Paul, UT 84652",daniel.lester@terry.com,670-337-8675x2775
85,Emma James,"1836 Chad Valleys Apt. 466, Andrewland, ME 04889",emma.james@roberts.com,001-954-856-1574x98196
86,Luke Myers,"198 Cindy Common, East Andrew, MT 59161",luke.myers@watson.biz,+1-206-728-3917x026
87,Cody Schmidt,"3283 Thompson Row, West Carl, KY 40704",cody.schmidt@burke.com,321.233.5861x8348
88,Scott Freeman,"94795 Connor Locks Apt. 098, Danielsfort, WA 98677",scott.freeman@morton.net,+1-331-869-4383x86756
89,Kelly Marquez,"9831 Hart Lake Apt. 872, East Amandahaven, LA 70276",kelly.marquez@white-harris.com,357-444-5414x74777
90,Johnny Malone,"3948 Cook Throughway, Welchburgh, WV 24817",johnny.malone@kaiser.org,501.641.1784x7123
91,Michael Johnson,"274 Cooper Road, Lake Luis, VA 23405",michael.johnson@miller.net,499.719.2306
92,Tiffany Patterson,"85573 Roberto Run Suite 908, Vincentberg, NH 03560",tiffany.patterson@hernandez.org,216-483-7324x7443
93,Laura Hernandez,"04947 Susan Station, New Joshuatown, TN 37130",laura.hernandez@gates.com,001-838-822-6303x26256
94,Anita Matthews,"37890 Zachary Fields, South Jenniferland, KY 42127",anita.matthews@simpson.biz,995.636.2170x1510
95,Kevin Sexton,"384 Margaret Forges, Lynnfurt, WA 98641",kevin.sexton@bennett.com,441.215.6869x3878
96,Randy Blake,"14436 Amy Glens Apt. 921, North Michelle, NH 03551",randy.blake@odonnell.com,870-952-9503x057
97,Lacey Madden,"25888 Simmons Turnpike Apt. 950, Jayville, GA 30328",lacey.madden@gregory.com,209.703.7483x564
98,Tammy Martinez,"7518 Cooper Green, West Ashley, WV 25035",tammy.martinez@barnes.com,940.269.3922x369
99,David Dominguez,"65715 Christina Island, Davishaven, TN 37687",david.dominguez@nolan.com,460-518-7893x979
100,April Martin,"47477 Peters Trafficway Apt. 989, South Brittanyfort, AR 71784",april.martin@flores-perez.info,(499)388-3619
101,Cynthia Garcia,"198 Cindy Common, East Andrew, MT 59161",cynthia.garcia@cisneros.com,616-261-7201
102,Crystal Lane,"2613 Katherine Station, Juliachester, WY 82244",crystal.lane@harrington-brown.com,417-624-2385
103,Kendra Hoover,"7810 Carson Rapid Suite 229, Fernandezburgh, ID 83475",kendra.hoover@madden.com,(905)632-3220
104,Sabrina Ware,"227 Kline Ridge, East Alexton, VA 24009",sabrina.ware@parker.biz,(942)545-2973x7220
105,Clinton Spencer,"4640 Smith Meadows Apt. 214, Amyfurt, WY 82079",clinton.spencer@willis.com,001-257-338-3703x693
106,Kelli Carney,"05832 Krystal Fields, Lake Mark, AL 35478",kelli.carney@sexton.com,(958)512-1287x799
107,Lisa James,"25888 Simmons Turnpike Apt. 950, Jayville, GA 30328",lisa.james@newton.com,+1-502-387-4841x931
108,Theodore Landry,"589 Marshall Lake, East Joannport, MN 56638",theodore.landry@humphrey-english.info,+1-896-245-8269
109,Paula Andersen,"65833 Boyd Ridge Apt. 421, New Desiree, MS 39516",paula.andersen@thomas.com,+1-625-524-3568x3902
110,Steven Wong,"3568 Mary Shores, East Kendrabury, CT 06346",steven.wong@martinez.com,(291)681-9430
111,Steven Rich,"676 Nancy Summit Apt. 933, New Lori, GA 31301",steven.rich@hoffman.com,(384)280-6685
112,Jon Small,"14436 Amy Glens Apt. 921, North Michelle, NH 03551",jon.small@garcia.info,842-629-9490x673
113,Veronica Hall,"093 David Courts, Greenborough, DC 20010",veronica.hall@reynolds.net,301-613-2384x6263
114,Roy Sweeney,"85573 Roberto Run Suite 908, Vincentberg, NH 03560",roy.sweeney@burnett.com,(953)765-0763
115,Amanda Palmer,"84070 Michelle Highway Apt. 658, Cameronville, TX 78776",amanda.palmer@ramirez.biz,(788)727-6999x814
116,Miss Alexandria Johnson DDS,"47477 Peters Trafficway Apt. 989, South Brittanyfort, AR 71784",miss.alexandria.johnson.dds@zuniga-matthews.com,+1-402-521-1880x8456
117,Robin Pierce,"75734 Reed Plaza Apt. 769, West Emilymouth, SC 29089",robin.pierce@jensen.com,(780)481-8300
118,George James,"43101 Valerie Square, West Deannaburgh, SC 29758",george.james@coleman.com,664-846-0151x6892
119,Billy Johnson,"125 Murphy Ports, East Larryfort, MO 63726",billy.johnson@luna-simmons.com,852-809-0980x335
120,Kevin Lee,"589 Marshall Lake, East Joannport, MN 56638",kevin.lee@briggs-howell.com,(274)234-7929x88889
121,Erika Sanchez,"802 Andrew Causeway, New Robinshire, AZ 86402",erika.sanchez@hunt.org,+1-470-480-3462x4121
122,Ryan Smith,"146 Dawn Orchard Suite 351, Jamesfurt, OR 97226",ryan.smith@murray.info,5964768134
123,Elizabeth Gonzalez,"7173 Sandra Landing Apt. 937, North Dennis, VT 05238",elizabeth.gonzalez@reeves-snyder.biz,287.314.0544x05790
124,Taylor Moreno,"71126 William Crossroad Suite 591, Andreaport, CO 80640",taylor.moreno@cordova.org,001-254-617-4015x525
125,Thomas Avila,"163 Maldonado Mission, Dawnview, CO 80334",thomas.avila@ramirez-sanchez.com,602.994.9255
126,Victoria Schmitt,"1045 Tommy Stravenue, Mooremouth, MA 01320",victoria.schmitt@castro.info,381.443.3672x11996
127,Jason Pierce,"1388 Nathan Forks, Harrisstad, AK 99560",jason.pierce@sandoval.com,+1-525-947-3914x312
128,Jessica Leblanc,"274 Cooper Road, Lake Luis, VA 23405",jessica.leblanc@rodriguez.com,474.451.9195x02705
129,Valerie Rose,"1388 Nathan Forks, Harrisstad, AK 99560",valerie.rose@carroll-thompson.net,(835)444-4802x3191
130,Cheryl Sanders,"6869 Amber Pike, New Paige, AK 99766",cheryl.sanders@arroyo.com,(355)746-7938x01350
131,Tanya Singleton,"97533 Kelly Loaf, Matthewshire, DE 19847",tanya.singleton@glass.net,846.288.9922x223
132,Elizabeth Anderson,"85573 Roberto Run Suite 908, Vincentberg, NH 03560",elizabeth.anderson@wilson-clark.org,+1-529-800-9577
133,Sarah Martinez,"00015 Johnson Terrace, East Caitlin, ND 58550",sarah.martinez@cline-black.com,+1-829-803-4227x9831
134,Linda Mccoy,"5493 Dixon Estates, North Mason, IN 47304",linda.mccoy@reed.com,+1-281-274-3781
135,Brian Weber,"2014 Richmond Views Suite 149, Lake Casey, IL 60267",brian.weber@collins.org,284-820-0675
136,Nicholas Dean,"3102 Maldonado Meadows, Marquezburgh, SD 57459",nicholas.dean@jackson-diaz.com,+1-262-208-8021x060
137,Nicholas Rodriguez,"1679 Banks Flat, Goodland, NV 88958",nicholas.rodriguez@peters.com,602-471-8923
138,Brandi Hernandez,"7173 Sandra Landing Apt. 937, North Dennis, VT 05238",brandi.hernandez@tran.info,+1-780-879-1516x46872
139,Samantha Phillips,"7190 Andrew Court, Aprilborough, NC 28830",samantha.phillips@martin.com,001-406-638-9213
140,Walter Riddle,"6069 Norton Flats, South Michellestad, MS 38916",walter.riddle@chen.com,289-736-4666x5008
141,Jeffrey Myers,"9547 Justin Mills Suite 942, Becktown, RI 02939",jeffrey.myers@obrien.biz,(698)973-5636
142,Crystal Strong,"428 Elizabeth Drives, East Franktown, NM 87133",crystal.strong@lawson.com,290.617.7668
143,Alyssa King,"561 Johnson Ridges Apt. 656, Mcmillanstad, OH 43716",alyssa.king@henderson.com,001-763-675-7353x93001
144,Christopher Sanders,"432 Evans Oval Apt. 738, Derekburgh, VA 22125",christopher.sanders@munoz.net,001-509-477-2408x997
145,Gary Tucker,"8916 Charles Shoal Suite 498, Amandaberg, KY 40127",gary.tucker@harris-nelson.com,001-808-243-8461x4089
146,Michael Gibbs,"08410 Andre Land Suite 450, Clarkville, CO 81310",michael.gibbs@george.com,746.284.2336
147,Troy Wright,"589 Marshall Lake, East Joannport, MN 56638",troy.wright@obrien.com,001-642-787-6648
148,Joshua Hunter,"3876 Sydney Roads Suite 550, Walkerland, UT 84331",joshua.hunter@hanna.info,(468)476-9625x7455
149,John Swanson,"24744 Lynn Shores Apt. 236, Katiehaven, GA 31912",john.swanson@alvarado.info,9665623308
150,Benjamin Ward,"8916 Charles Shoal Suite 498, Amandaberg, KY 40127",benjamin.ward@scott.org,(332)565-1828x443
151,Aaron Nelson,"36600 Melissa Station, Hendricksborough, DC 20026",aaron.nelson@diaz.net,573.260.9158
152,Kendra Harris,"978 Evans Street Apt. 130, Port Kirk, WI 53032",kendra.harris@morales.com,971.320.7743x9003
153,Hannah Garcia,"94795 Connor Locks Apt. 098, Danielsfort, WA 98677",hannah.garcia@powers.com,699.412.2588
154,John Miller,"59859 Vickie Station, East Amy, AZ 85922",john.miller@shaffer.org,466.351.7803x655
155,Sean Mendez,"87173 April Flats Suite 736, Scottton, MI 48863",sean.mendez@hamilton.com,+1-399-775-0097x5666
156,Michelle Duarte,"286 Katie Fork Suite 774, Port Caseymouth, RI 02822",michelle.duarte@tate-williams.org,384-973-6989
157,Lisa Miller,"2138 Gutierrez Stravenue, Watsonshire, AK 99875",lisa.miller@diaz.com,274.637.5786x53835
158,Gabriel Graham,"26457 Lisa Summit, Port Amanda, MN 55482",gabriel.graham@wilson-robbins.com,870-319-1209x672
159,Jonathan Booker,"05832 Krystal Fields, Lake Mark, AL 35478",jonathan.booker@moore-mooney.com,(891)622-6911x457
160,Jessica Herring,"407 Melissa Plains, Kevinland, NC 27938",jessica.herring@macdonald-miller.biz,394.811.1713
161,Emily Smith,"0693 Nicole Plaza Apt. 817, Port Katrinamouth, SC 29104",emily.smith@shaw.net,(826)867-8136
162,Christopher Thomas,"89367 Green Points, West Jeffhaven, KY 40040",christopher.thomas@green.net,4743199528
163,Tanya Gutierrez,"94050 Ingram Curve, West Elizabeth, NV 89405",tanya.gutierrez@kim.com,734.494.3258x4960
164,Ruth Patterson,"686 Ferguson Drive Apt. 831, Teresaside, NE 68047",ruth.patterson@olson.com,+1-820-494-0904x6702
165,Jerry Robinson,"476 Judy Haven, West Garrettport, TX 78638",jerry.robinson@kelly-salazar.com,+1-633-941-5446
166,Jake Mathews,"08410 Andre Land Suite 450, Clarkville, CO 81310",jake.mathews@anderson-graham.com,(328)855-0418
167,Hunter Stanley,"48986 Heather Cove, Martinezfurt, AR 72164",hunter.stanley@smith.com,+1-886-273-0752x3816
168,Kristina Foster,"5347 Charles Alley, New Melissaton, ID 83863",kristina.foster@lara.net,(339)862-2018x4687
169,Jason Murphy,"09475 Lara Underpass Suite 947, Marcusfort, UT 84475",jason.murphy@ward.net,992-664-3079x787
170,Maria Taylor,"08051 Timothy Square, Ashleyshire, AL 35456",maria.taylor@lopez-dean.org,903.584.3313x7185
171,Breanna Merritt,"80442 Hill Center Apt. 807, Port Holly, MS 38902",breanna.merritt@adams.com,311.427.2912x48694
172,Ian Hurley,"47425 Hale Unions, Brandonport, AL 36146",ian.hurley@li-boyd.com,484-245-1855x053
173,Joseph Robinson,"5055 Jean Ramp, Watsonfort, HI 96716",joseph.robinson@rice.org,+1-970-542-0007x3529
174,Theodore Wagner,"2065 Johnson Stravenue, Jenniferside, OK 73114",theodore.wagner@olson.com,548-258-6895x2793
175,Pamela Yates,"047 John Fall, Hensonland, AR 72898",pamela.yates@abbott-randolph.com,(523)993-7033
176,Nicholas Burke,"2014 Richmond Views Suite 149, Lake Casey, IL 60267",nicholas.burke@kelly-simmons.com,001-746-606-5696x27983
177,Seth Garrison,"761 Samantha Meadow Apt. 793, East Cheyenneport, WV 25938",seth.garrison@ward-friedman.com,245.358.1814
178,Michelle Cooper,"69438 Deborah Trafficway, Vasquezstad, MO 63460",michelle.cooper@gardner.org,634.725.9693
179,James Nelson,"1679 Banks Flat, Goodland, NV 88958",james.nelson@arellano-kelley.com,793.641.2066x366
180,Joshua Hansen,"2820 Hill Ways, Mosshaven, UT 84125",joshua.hansen@martin-dean.biz,679.667.7194x5516
181,Donna Ayala,"092 Matthew Court, North Brittanyland, DE 19723",donna.ayala@miranda.com,+1-865-372-6889x158
182,Edwin Rodriguez,"802 Andrew Causeway, New Robinshire, AZ 86402",edwin.rodriguez@woodard.com,(404)335-3179
183,Victor Reynolds,"65833 Boyd Ridge Apt. 421, New Desiree, MS 39516",victor.reynolds@lee.com,+1-656-912-1592
184,Sean Morris,"24532 David Trace Suite 915, West Derrick, MO 64476",sean.morris@sanders.com,+1-254-976-1013x243
185,Louis Arnold,"4929 Yvonne Fork, New Troyberg, KY 42701",louis.arnold@martin.com,+1-488-550-4006x4106
186,Jay Luna,"3876 Sydney Roads Suite 550, Walkerland, UT 84331",jay.luna@simpson.com,001-282-387-2328x9850
187,Ryan Keith,"7721 Peterson Lock, New Jeremiah, WA 98409",ryan.keith@reynolds.net,(433)955-8088x0647
188,Craig Smith,"04288 Martin Shoals Suite 295, North Samantha, AR 72138",craig.smith@haynes-miller.com,+1-701-386-2106
189,Taylor Young,"09475 Lara Underpass Suite 947, Marcusfort, UT 84475",taylor.young@lucas-huynh.com,001-929-767-4505x3094
190,David Cox,"676 Nancy Summit Apt. 933, New Lori, GA 31301",david.cox@petersen.com,589-777-6039x29658
191,Veronica Taylor,"825 Kent Lights Apt. 222, Port William, WY 82851",veronica.taylor@sutton.com,(996)282-1743
192,Katherine Melendez,"58092 Gregory Square, West James, GA 31404",katherine.melendez@mcclain.net,629.760.0278
193,Jamie Evans,"996 Jeffrey Shoals, Port Deborah, NE 68047",jamie.evans@green-williams.com,+1-802-564-9921x72925
194,James Carter,"7721 Peterson Lock, New Jeremiah, WA 98409",james.carter@stone.com,893.249.0371x4570
195,James Smith,"77915 Hicks Turnpike Suite 261, Kevintown, VT 05474",james.smith@cunningham.com,+1-619-717-7445x544
196,Amber Carson,"687 Alison Common Suite 562, West Jacobbury, NJ 07443",amber.carson@thomas.biz,377.974.1107
197,Brandon Brown,"77915 Hicks Turnpike Suite 261, Kevintown, VT 05474",brandon.brown@mathis-roberson.com,(665)688-4906x8055
198,Rachel Williams,"15168 Justin Streets Apt. 406, Caseview, UT 84330",rachel.williams@cohen.info,9545327470
199,Elizabeth Powell,"92532 Mario Port Suite 157, East Janet, SC 29425",elizabeth.powell@taylor-luna.com,001-601-559-7845x6674
200,David Malone,"7721 Peterson Lock, New Jeremiah, WA 98409",david.malone@garcia.com,725.220.0674
201,Tyler Wolf,"65715 Christina Island, Davishaven, TN 37687",tyler.wolf@flores-schmidt.com,001-438-342-5214x117
202,Teresa Salazar,"1679 Banks Flat, Goodland, NV 88958",teresa.salazar@ramirez-levine.com,(879)820-1112x191
203,Shelby Joseph,"286 Katie Fork Suite 774, Port Caseymouth, RI 02822",shelby.joseph@barnes.org,(608)626-3777x34201
204,Steven Jones,"86686 Francisco Rapids, Watsonmouth, IA 50756",steven.jones@gardner.com,001-339-476-4749x3255
205,Amanda Allison,"87173 April Flats Suite 736, Scottton, MI 48863",amanda.allison@ross.com,001-778-836-9312
206,Kristin Rodriguez,"43101 Valerie Square, West Deannaburgh, SC 29758",kristin.rodriguez@mcintyre-carter.org,608-583-2183x6296
207,Patrick Hutchinson,"04617 Gonzalez Shoals Suite 180, Padillafurt, AK 99633",patrick.hutchinson@young.com,911.651.7891
208,Stephen Crawford,"54448 David Courts Apt. 621, Port Rebecca, MI 48868",stephen.crawford@clark.com,848.796.5136x8358
209,Alison Cooper,"89367 Green Points, West Jeffhaven, KY 40040",alison.cooper@gray.com,852-329-5647x6280
210,Michael Watson,"47477 Peters Trafficway Apt. 989, South Brittanyfort, AR 71784",michael.watson@allison.biz,001-420-849-0345x7560
211,Christian Ramirez,"2820 Hill Ways, Mosshaven, UT 84125",christian.ramirez@king.com,4684417573
212,Aaron Jackson,"22239 Stacy Stream Apt. 339, Port Timothy, NJ 07731",aaron.jackson@freeman.com,(300)971-6077
213,Diana Bentley,"686 Ferguson Drive Apt. 831, Teresaside, NE 68047",diana.bentley@young-williams.com,+1-762-579-7925x10814
214,David Weaver DVM,"8916 Charles Shoal Suite 498, Amandaberg, KY 40127",david.weaver.dvm@sanchez.com,+1-376-360-4290x9813
215,Laurie Williams,"12370 Daniel Fields Apt. 874, Danielland, OK 73091",laurie.williams@cook-gutierrez.com,001-597-913-8454x1864
216,Dominique Reed,"428 Eric Valley, East Stephanie, MN 56274",dominique.reed@macdonald.com,(453)884-9337
217,Jennifer Garcia,"75734 Reed Plaza Apt. 769, West Emilymouth, SC 29089",jennifer.garcia@beck.info,986-687-3516x1001
218,Amy Shelton,"12331 Jenna Shoals Suite 056, Lake Charles, NE 68104",amy.shelton@morse.com,581.709.8411x42530
219,Christopher Perry,"476 Judy Haven, West Garrettport, TX 78638",christopher.perry@nelson.com,906.672.2932x9767
220,Christina Winters,"4485 Myers Stravenue Suite 127, Lake Kimberlyside, WY 82331",christina.winters@miller.com,001-844-560-8395x167
221,Colin Howe,"196 Veronica Causeway, North Karen, GA 30888",colin.howe@brooks.info,(210)523-7890
222,Stacy Jones,"6563 Eddie Plaza, West Alexandermouth, AL 36166",stacy.jones@sharp-holland.com,220.768.9512x08063
223,Stephanie Porter,"384 Margaret Forges, Lynnfurt, WA 98641",stephanie.porter@friedman.net,+1-585-261-9505
224,Nicole Durham,"6887 Keith Isle Suite 405, Delacruztown, AR 71829",nicole.durham@moore.com,396.828.0650x8751
225,David Francis,"61387 Wilson Flats Suite 738, Port Joshualand, TN 37678",david.francis@jones-brown.com,371-385-0763x90541
226,Haley Cummings,"687 Alison Common Suite 562, West Jacobbury, NJ 07443",haley.cummings@martin.net,+1-404-842-4460x83807
227,Jason Dudley,"73529 Walker Flat, Rogersberg, LA 70590",jason.dudley@sandoval.info,+1-202-445-3830x54438
228,Kimberly White,"987 Ashley Vista Suite 953, East Candice, MA 02422",kimberly.white@hansen.com,001-940-813-2387x864
229,Francis Clarke,"220 Nancy Common, Jaredfurt, PA 17954",francis.clarke@sloan.com,840-993-0514x751
230,Michael Mendoza,"86686 Francisco Rapids, Watsonmouth, IA 50756",michael.mendoza@wise-brown.com,(908)705-1882
231,Robert Jones,"04617 Gonzalez Shoals Suite 180, Padillafurt, AK 99633",robert.jones@smith.com,+1-392-461-1482x81528
232,Kevin Salazar,"8916 Charles Shoal Suite 498, Amandaberg, KY 40127",kevin.salazar@murphy-duncan.com,367-562-1510x9325
233,Michael Brandt,"920 Cantu Trail, Lake Ashley, MI 49057",michael.brandt@ferguson.biz,(597)701-6651x4549
234,Mark Adams,"96031 Foster Parkways, Williston, OK 73067",mark.adams@jackson.com,839-756-3520x74139
235,Vincent Brown,"40503 Miller Pass, Port Ashleyfurt, UT 84775",vincent.brown@franco.biz,329-748-6137
236,Mrs. Megan Davis,"19028 Turner Place, Christophershire, SC 29216",mrs..megan.davis@davidson.com,601.234.7763
237,Melissa Baker,"28999 Amy Mountains Apt. 412, South Sean, NY 10083",melissa.baker@smith.com,532.253.0132x045
238,Mr. Kevin Phillips,"732 Shelly Manors Suite 249, Christopherfort, AZ 86393",mr..kevin.phillips@gonzales-foster.info,740-394-6465
239,Nicholas Moore,"675 Joshua Forge Suite 524, Boonestad, CA 91539",nicholas.moore@morales-martinez.org,378-939-5124x75124
240,Briana Lara,"761 Samantha Meadow Apt. 793, East Cheyenneport, WV 25938",briana.lara@salazar.info,(689)222-6193
241,Steven Morris,"5347 Charles Alley, New Melissaton, ID 83863",steven.morris@shields.com,+1-965-325-6968x90037
242,Lori Cooper,"227 Kline Ridge, East Alexton, VA 24009",lori.cooper@navarro.com,442-550-7207x8595
243,Kelsey White,"80442 Hill Center Apt. 807, Port Holly, MS 38902",kelsey.white@cain.com,715.235.4297
244,Jessica Hall,"15163 Baker Turnpike Apt. 372, North Joseph, TX 79658",jessica.hall@brown.com,9435677590
245,David Hahn,"86437 Davis Islands Apt. 225, New Crystal, PA 16650",david.hahn@spencer.com,5377141518
246,Joseph Hartman DDS,"7749 Bobby Port Apt. 144, Williamsside, ID 83814",joseph.hartman.dds@reeves-brown.info,808-462-0428x8722
247,Eileen Newton,"04617 Gonzalez Shoals Suite 180, Padillafurt, AK 99633",eileen.newton@robinson-knapp.com,795-542-5382x796
248,Matthew Harris,"59859 Vickie Station, East Amy, AZ 85922",matthew.harris@frost.com,985.417.1168x14804
249,Christina Hardy,"54448 David Courts Apt. 621, Port Rebecca, MI 48868",christina.hardy@smith.net,+1-329-225-1694x09927
250,Alexis Peck,"657 Reed Forest Suite 989, East Bradleyfort, OK 73073",alexis.peck@lester.com,742.854.4939x4358
251,Andrew Freeman,"851 Schultz Stravenue, Lake Paul, UT 84652",andrew.freeman@bates.com,001-809-754-6477x91197
252,John Thomas,"25888 Simmons Turnpike Apt. 950, Jayville, GA 30328",john.thomas@adams.info,435-247-9859x058
253,Amber Pennington,"561 Johnson Ridges Apt. 656, Mcmillanstad, OH 43716",amber.pennington@chavez-stark.com,725-866-4485
254,George Mcmillan,"123 Deborah Field Apt. 520, South Scottport, MN 55028",george.mcmillan@henry.net,(385)319-6667
255,Alexis Lopez,"9873 Raymond Dale, New Wendy, RI 02835",alexis.lopez@torres.com,(531)467-1908
256,Roy Johnson,"3102 Maldonado Meadows, Marquezburgh, SD 57459",roy.johnson@ward.biz,(900)720-5007
257,Scott Jones,"12331 Jenna Shoals Suite 056, Lake Charles, NE 68104",scott.jones@austin.com,+1-874-536-0680x833
258,Dr. Michael Wright,"1640 Shea Turnpike, Turnermouth, WI 54057",dr..michael.wright@olson.org,553.548.3820
259,Vincent Ellis,"68685 Caitlin Fields Suite 227, Port Daniel, TN 37842",vincent.ellis@garcia.com,+1-444-560-4842
260,Stephanie Olson,"204 Jason Roads Suite 575, Williamsfurt, OH 45316",stephanie.olson@owens-ramos.com,(220)509-4852x9956
261,Blake Bennett,"73529 Walker Flat, Rogersberg, LA 70590",blake.bennett@cruz.com,561.308.7005x7699
262,Ashley Smith,"9312 Page Lock, Robertsport, GA 31216",ashley.smith@hall.net,(730)438-5734x3626
263,Bill Stanley,"61387 Wilson Flats Suite 738, Port Joshualand, TN 37678",bill.stanley@dominguez.com,625-607-8109
264,Matthew Dudley,"9312 Page Lock, Robertsport, GA 31216",matthew.dudley@carlson.info,464.287.0829
265,Martha Dixon,"9126 Hayden Mountains, North Breanna, DE 19863",martha.dixon@wise-clark.org,358.978.8736x14554
266,Cathy Koch,"2138 Gutierrez Stravenue, Watsonshire, AK 99875",cathy.koch@wade-soto.net,+1-858-335-8063
267,Sarah Cox,"20651 Malone Route, Andersonport, NE 68118",sarah.cox@lloyd-french.com,476-966-3338
268,Lori Hernandez,"506 Sonya Centers Apt. 406, Ryanstad, ID 83717",lori.hernandez@howard.biz,6282767746
269,Patrick Grant,"28999 Amy Mountains Apt. 412, South Sean, NY 10083",patrick.grant@wright.com,(914)258-2605
270,Holly Miller,"3742 Carter Prairie Apt. 943, Wesleychester, TN 38042",holly.miller@bennett.com,(578)680-8848
271,Charles Adams,"47477 Peters Trafficway Apt. 989, South Brittanyfort, AR 71784",charles.adams@ramirez.info,561-951-1233
272,Tyler Henderson,"83544 Janet Lake Suite 667, Port Austin, AK 99667",tyler.henderson@villarreal.biz,932.983.2193x22045
273,David Martinez,"438 Coleman Crest, Wendyside, SC 29928",david.martinez@rodriguez.com,+1-639-340-4877
274,Christopher Hudson,"86686 Francisco Rapids, Watsonmouth, IA 50756",christopher.hudson@richmond.com,614.475.0771x7430
275,Paula Sanders,"6231 Ballard Coves Apt. 808, New Leahborough, AL 35004",paula.sanders@hensley.com,+1-597-214-6007x43515
276,Frances Smith,"25319 John Circles Suite 309, Taylorside, WV 25212",frances.smith@middleton.com,+1-322-353-3802x3707
277,Peggy Hahn,"378 Angela Points Apt. 186, Lake Christopher, AR 72438",peggy.hahn@schwartz.com,+1-791-768-3130x96333
278,Tina Walton,"2043 Ponce Mountain, Aguirretown, NJ 07404",tina.walton@ayers.com,247-434-0790x71200
279,Robert Davis,"36600 Melissa Station, Hendricksborough, DC 20026",robert.davis@miller.com,384.390.6568
280,Kristen Williams,"7235 Rowe Fort, Sandratown, MD 21154",kristen.williams@jones.com,743-784-2822x7823
281,Charles Banks,"204 Jason Roads Suite 575, Williamsfurt, OH 45316",charles.banks@harris.info,(570)531-2314x312
282,James Pena,"3568 Mary Shores, East Kendrabury, CT 06346",james.pena@fletcher.com,001-605-863-1675x8839
283,William Russell,"3568 Mary Shores, East Kendrabury, CT 06346",william.russell@gonzalez-armstrong.com,(205)409-4004x55216
284,Angela Watson,"6069 Norton Flats, South Michellestad, MS 38916",angela.watson@monroe.org,763.550.9834
285,Ronald Kirk,"7173 Sandra Landing Apt. 937, North Dennis, VT 05238",ronald.kirk@brooks.org,849-899-5162
286,Andrew White,"75734 Reed Plaza Apt. 769, West Emilymouth, SC 29089",andrew.white@blake.com,955-880-5000x2449
287,Donald Guerrero,"8097 Lowe Unions Apt. 174, Davidstad, NH 03836",donald.guerrero@gallegos.com,306-208-0533x877
288,Rachel Kennedy,"6787 Jessica Forge Suite 014, Louistown, ID 83536",rachel.kennedy@fox-villarreal.biz,698.828.0054
289,Rebekah Rios,"9419 John Inlet Suite 584, Leahchester, WY 83062",rebekah.rios@garza.com,292.973.9119
290,James Thomas,"95927 Laura Squares, Port Haley, MA 02373",james.thomas@eaton.com,9142165365
291,Ian Brewer,"528 Megan Alley Suite 389, North Heidi, VA 24202",ian.brewer@harmon.com,(202)967-5720x3369
292,George Chung,"55347 Timothy Haven Apt. 983, West Brian, LA 71154",george.chung@lewis-blackwell.info,7814569737
293,Cassandra Rose,"51610 Rebecca Ridge Suite 494, Lake Alexis, NC 27141",cassandra.rose@allison.com,920.244.4198x5089
294,Julie Nunez,"2613 Katherine Station, Juliachester, WY 82244",julie.nunez@lang-ashley.com,+1-718-385-4819x29325
295,Madison Oconnor,"6866 Roberts Harbor Apt. 332, Port Vincentshire, OR 97303",madison.oconnor@garcia-sullivan.biz,001-306-419-7518x226
296,Cody Chavez,"802 Andrew Causeway, New Robinshire, AZ 86402",cody.chavez@small.org,270-859-9344x5971
297,Marilyn Johnson,"68685 Caitlin Fields Suite 227, Port Daniel, TN 37842",marilyn.johnson@wheeler.com,001-627-523-9980x08536
298,Erica Sullivan,"97533 Kelly Loaf, Matthewshire, DE 19847",erica.sullivan@hicks-holland.com,956.714.4689x6094
299,John Marshall,"15163 Baker Turnpike Apt. 372, North Joseph, TX 79658",john.marshall@davis.com,+1-586-682-7574x851
300,Jenna Harrell,"6854 Martin Road, Ibarrafort, RI 02909",jenna.harrell@mason.org,+1-625-275-1855x443
301,Alexis Mendez,"9419 John Inlet Suite 584, Leahchester, WY 83062",alexis.mendez@johnson.com,8029570816
302,Laura Snow,"39559 Daniel Mill, South Linda, UT 84435",laura.snow@waters.com,+1-783-993-7212x72691
303,Melissa Howard,"951 Ramirez Ports Apt. 353, Lindsayville, IN 46291",melissa.howard@cook-figueroa.com,(866)201-9272
304,Leslie Benson,"825 Kent Lights Apt. 222, Port William, WY 82851",leslie.benson@taylor-warren.com,999-374-3925
305,Justin Perez,"36845 Andrea Station, Robertborough, NJ 08339",justin.perez@martinez-oconnor.com,555-697-7965
306,Melissa Carr,"3102 Maldonado Meadows, Marquezburgh, SD 57459",melissa.carr@woods.org,834.476.8425x4942
307,Phillip Benjamin,"133 Carolyn Ferry Suite 931, Robertview, SC 29944",phillip.benjamin@mendez.org,(205)240-1861x79118
308,Samantha Clarke,"6993 Rita Club Apt. 421, North Ronniestad, RI 02859",samantha.clarke@davis.biz,(387)398-5940x2889
309,Jennifer Myers,"7624 Guzman Canyon Suite 189, Vasquezberg, TN 37549",jennifer.myers@diaz.info,946-911-4705
310,Jenna Diaz,"406 Alicia Club Suite 554, Palmerton, AR 71688",jenna.diaz@ford.com,001-530-966-4991x727
311,Marissa Choi,"25888 Simmons Turnpike Apt. 950, Jayville, GA 30328",marissa.choi@smith.com,601.454.4096x73347
312,Troy Mitchell,"933 Porter Port Suite 274, Thompsonhaven, IN 47160",troy.mitchell@hale-pham.com,+1-940-485-2550
313,Deborah Hardy,"133 Carolyn Ferry Suite 931, Robertview, SC 29944",deborah.hardy@walton.com,281-503-3173x097
314,Shawn Williams,"953 Coleman Lights, Carterberg, TX 79012",shawn.williams@robinson.com,466-452-8809
315,Blake Cooper,"452 Brooke Mill, South Cesar, DC 20032",blake.cooper@taylor-king.org,579.640.8394x2025
316,Bryan Brown,"935 Grant Court, North Daniel, DE 19952",bryan.brown@ramirez.biz,(532)880-6159x59931
317,Cassidy Arnold,"2014 Richmond Views Suite 149, Lake Casey, IL 60267",cassidy.arnold@carter.info,001-854-400-9181x10069
318,James Patterson,"83544 Janet Lake Suite 667, Port Austin, AK 99667",james.patterson@phillips.com,945.807.3116x6551
319,Nathan Hall,"4929 Yvonne Fork, New Troyberg, KY 42701",nathan.hall@martin.org,(609)377-9965
320,David Martin,"7173 Sandra Landing Apt. 937, North Dennis, VT 05238",david.martin@ryan.com,690-770-4848
321,Mikayla Morgan,"960 Mays Parkway Suite 861, Jacksonville, MA 01683",mikayla.morgan@gardner.info,(291)500-2995
322,Richard Brown,"2125 Patricia Throughway, Port Brianport, KS 67613",richard.brown@gomez-collins.org,001-689-875-7201
323,Rebecca Dominguez,"3649 Michael Ramp Suite 102, Martinshire, OH 43359",rebecca.dominguez@fowler.com,+1-921-431-3782x449
324,Manuel Morris,"00015 Johnson Terrace, East Caitlin, ND 58550",manuel.morris@thompson-flores.com,568.761.4579
325,Tony Nunez,"54677 Emily Junctions, Matthewshire, NC 27377",tony.nunez@costa-love.com,001-544-707-8504x380
326,Alicia Cortez,"4485 Myers Stravenue Suite 127, Lake Kimberlyside, WY 82331",alicia.cortez@johnson-gomez.com,(514)877-7427
327,Colleen Ford,"2014 Richmond Views Suite 149, Lake Casey, IL 60267",colleen.ford@mendez.biz,404.289.8479x36165
328,Angela Mcintosh,"286 Katie Fork Suite 774, Port Caseymouth, RI 02822",angela.mcintosh@huff-turner.biz,+1-731-496-1083x8568
329,Brittany Fox,"675 Joshua Forge Suite 524, Boonestad, CA 91539",brittany.fox@miller.biz,367-521-8252x574
330,Mr. Douglas Aguirre,"318 Justin Key, Annetteside, NV 89502",mr..douglas.aguirre@jones.com,266-850-1487x815
331,Alicia Morris,"88247 Hatfield Springs, Wagnertown, NM 88407",alicia.morris@waters.com,(683)397-4795
332,Felicia Wolf,"03800 Joyce Hills Apt. 464, Lake Charles, MA 02104",felicia.wolf@howard.com,771-590-2031x4838
333,Tiffany Archer,"36502 Taylor Port, New Justin, DC 20034",tiffany.archer@flores.com,648.550.8815x7695
334,Amanda Weber,"9126 Hayden Mountains, North Breanna, DE 19863",amanda.weber@sanders-chang.com,001-575-746-4452x20619
335,Kimberly Lopez,"80203 Mark Stream Suite 401, Lake Ian, OH 44809",kimberly.lopez@campbell.com,226.560.0902x70001
336,James Finley,"881 Dwayne Brook, New Larry, PA 15175",james.finley@campbell.com,001-747-949-8055x0114
337,Lisa Atkinson,"22239 Stacy Stream Apt. 339, Port Timothy, NJ 07731",lisa.atkinson@miller.info,+1-900-844-4954x78341
338,Michelle Wolf,"7810 Carson Rapid Suite 229, Fernandezburgh, ID 83475",michelle.wolf@martin-barnes.org,2988915436
339,Hannah Bishop,"627 Collins Fork Apt. 024, Baldwinshire, SD 57563",hannah.bishop@bond.com,+1-975-459-8317x96528
340,Timothy Carlson,"544 Miller Pines, Port Danielmouth, MO 65123",timothy.carlson@schmidt.com,(649)507-0654
341,Brian Townsend,"96031 Foster Parkways, Williston, OK 73067",brian.townsend@huber-wheeler.com,(908)794-6265x8655
342,Clayton Lopez,"15168 Justin Streets Apt. 406, Caseview, UT 84330",clayton.lopez@villarreal-farrell.com,742.759.4183
343,Diana Weaver,"4485 Myers Stravenue Suite 127, Lake Kimberlyside, WY 82331",diana.weaver@hinton.com,(759)618-0856x52034
344,Alyssa Keller,"825 Kent Lights Apt. 222, Port William, WY 82851",alyssa.keller@hughes.com,(536)313-8741x1357
345,Michelle Nelson,"606 Cheryl Keys Apt. 822, Millerberg, TX 78825",michelle.nelson@costa.com,805-212-0332
346,Ronald Jimenez,"3102 Maldonado Meadows, Marquezburgh, SD 57459",ronald.jimenez@hughes.org,744.837.7039
347,Jasmine Garcia,"04617 Gonzalez Shoals Suite 180, Padillafurt, AK 99633",jasmine.garcia@glover.info,+1-426-457-1699x140
348,Steven Brown,"6993 Rita Club Apt. 421, North Ronniestad, RI 02859",steven.brown@cooper.com,(573)580-7478x9911
349,Louis Sampson,"7173 Sandra Landing Apt. 937, North Dennis, VT 05238",louis.sampson@johnson.net,(886)727-5463x93024
350,Samuel Nguyen,"009 Galvan Stravenue Apt. 840, Lake Rebecca, NC 28623",samuel.nguyen@barrera.biz,793.979.8231
351,Tiffany Duarte,"953 Salinas Keys Apt. 688, Wilsonberg, CT 06025",tiffany.duarte@banks-baker.org,705-618-9671x24918
352,Ricardo Flores,"92532 Mario Port Suite 157, East Janet, SC 29425",ricardo.flores@kline-garner.info,292-980-7727
353,Melanie Mcfarland,"94050 Ingram Curve, West Elizabeth, NV 89405",melanie.mcfarland@campbell.com,+1-432-752-3798x8274
354,Jeffrey Lin,"52170 Young Crescent, Lake Cameron, OH 44501",jeffrey.lin@reid.net,001-616-931-6498
355,Carrie Parker,"9625 Carter Lakes Apt. 212, Jenniferfort, AK 99714",carrie.parker@johnson-marshall.biz,9169553106
356,Douglas Parsons,"6866 Roberts Harbor Apt. 332, Port Vincentshire, OR 97303",douglas.parsons@gray-rodriguez.com,697-809-8615
357,Daniel Harrington,"4640 Smith Meadows Apt. 214, Amyfurt, WY 82079",daniel.harrington@roberts-swanson.com,+1-864-237-7372x0206
358,Cody Johnson,"4954 Michael Field, Andrewhaven, OK 73183",cody.johnson@mason-holmes.com,001-662-915-5801
359,Dennis Kirk,"09475 Lara Underpass Suite 947, Marcusfort, UT 84475",dennis.kirk@williams-fitzpatrick.biz,+1-669-681-8861
360,Ann Flores,"65715 Christina Island, Davishaven, TN 37687",ann.flores@hurley-knight.com,001-340-512-4838x29682
361,Carolyn Velasquez,"3283 Thompson Row, West Carl, KY 40704",carolyn.velasquez@ritter.com,(699)489-9721
362,Kayla Simpson,"220 Nancy Common, Jaredfurt, PA 17954",kayla.simpson@blanchard.com,+1-509-643-0714x290
363,Michael Branch,"15924 Richards Locks, New Lucas, NM 87797",michael.branch@wheeler.com,807-465-5606x4982
364,Tiffany Perez,"54448 David Courts Apt. 621, Port Rebecca, MI 48868",tiffany.perez@lawson-valentine.net,4614064270
365,Susan Simmons,"59685 Sarah Plains Suite 118, New Charlesside, MT 59340",susan.simmons@green-tucker.com,319.333.8092x051
366,Autumn Valenzuela,"56320 Thompson Coves Suite 376, Deniseville, VT 05458",autumn.valenzuela@williams.com,4407387034
367,Christina Miles,"0538 Curtis Stravenue Apt. 021, Jesseton, KS 67157",christina.miles@barron.com,7715821413
368,Kelly Delgado,"516 Obrien Plaza, Rushtown, MS 39760",kelly.delgado@young.com,286.918.8904x319
369,Katie Collins,"978 Evans Street Apt. 130, Port Kirk, WI 53032",katie.collins@adams.com,(823)734-5684
370,Charlene Rodriguez,"5793 Adams Station Apt. 770, Lake Carrie, MS 39765",charlene.rodriguez@barajas.com,001-679-938-7626x793
371,Catherine Young,"86686 Francisco Rapids, Watsonmouth, IA 50756",catherine.young@hanson.com,+1-510-635-7951x79593
372,Lindsey Green,"39559 Daniel Mill, South Linda, UT 84435",lindsey.green@morrison.org,(285)457-5213
373,Stephen Harris,"6993 Rita Club Apt. 421, North Ronniestad, RI 02859",stephen.harris@gordon-fox.net,001-933-212-3552x966
374,John Torres,"91125 White Stream Apt. 383, North Kellyberg, SD 57240",john.torres@smith.com,441-316-3932x47868
375,Derek Pena,"89850 Christopher Turnpike, Waynemouth, SD 57573",derek.pena@duffy-alvarado.com,892.366.3656x230
376,Ashley Wilson,"123 Deborah Field Apt. 520, South Scottport, MN 55028",ashley.wilson@nguyen.net,731-308-2594
377,Elizabeth Sanchez,"05832 Krystal Fields, Lake Mark, AL 35478",elizabeth.sanchez@daniels.com,001-994-736-2386x68612
378,Mark Haas,"274 Cooper Road, Lake Luis, VA 23405",mark.haas@sanchez-lopez.org,492.372.6220x96588
379,Thomas Johnson,"9312 Page Lock, Robertsport, GA 31216",thomas.johnson@nixon.com,426.924.4674x249
380,Thomas Swanson,"15168 Justin Streets Apt. 406, Caseview, UT 84330",thomas.swanson@martin.net,001-696-840-6081x755
381,Justin Garcia,"407 Melissa Plains, Kevinland, NC 27938",justin.garcia@leonard.com,573.587.5522x4479
382,Adam Williams,"561 Johnson Ridges Apt. 656, Mcmillanstad, OH 43716",adam.williams@porter-hudson.com,846.327.8397x157
383,Carrie Clark,"88247 Hatfield Springs, Wagnertown, NM 88407",carrie.clark@conner-simon.com,882.601.9617x0312
384,Heather Scott,"937 Carla Centers, Port Saraburgh, OK 73148",heather.scott@morris-powers.com,+1-282-475-5955x215
385,Elizabeth Cantu,"12370 Daniel Fields Apt. 874, Danielland, OK 73091",elizabeth.cantu@swanson.com,652.222.4602
386,Angela Watkins,"7749 Bobby Port Apt. 144, Williamsside, ID 83814",angela.watkins@johns.com,826-657-7725
387,James Whitehead,"7440 Gutierrez Plain, North Kimberlyfurt, HI 96820",james.whitehead@alvarado-solis.com,672.516.5463x833
388,Mr. John Johns,"86686 Francisco Rapids, Watsonmouth, IA 50756",mr..john.johns@allen-wilson.com,200.938.4975x773
389,Cynthia Freeman,"438 Coleman Crest, Wendyside, SC 29928",cynthia.freeman@jarvis.info,+1-641-487-4945x5498
390,Travis Garcia,"69438 Deborah Trafficway, Vasquezstad, MO 63460",travis.garcia@brown-gonzales.net,503-537-2973x68661
391,Katie Logan,"825 Kent Lights Apt. 222, Port William, WY 82851",katie.logan@woods.com,(249)746-2162x33062
392,Sara Snyder,"761 Samantha Meadow Apt. 793, East Cheyenneport, WV 25938",sara.snyder@villarreal.biz,+1-407-484-6967x1277
393,Susan Burnett,"418 Vazquez Road Suite 554, Jacksonport, AR 72499",susan.burnett@bishop.com,001-961-503-6917x91264
394,Christopher Gutierrez,"88247 Hatfield Springs, Wagnertown, NM 88407",christopher.gutierrez@matthews.biz,(517)857-6650x73003
395,Julia Shaffer,"2138 Gutierrez Stravenue, Watsonshire, AK 99875",julia.shaffer@watson-arnold.com,(237)676-9638x76572
396,Jared Harrison,"384 Margaret Forges, Lynnfurt, WA 98641",jared.harrison@nelson.com,384.250.0620x7026
397,Leslie Reeves,"9625 Carter Lakes Apt. 212, Jenniferfort, AK 99714",leslie.reeves@harrison.info,001-890-260-7659x426
398,Heather Mccoy,"54677 Emily Junctions, Matthewshire, NC 27377",heather.mccoy@miranda.com,232.275.9951
399,Hailey Logan,"77933 Martinez Port Suite 939, Stephanieland, WI 53845",hailey.logan@carr.org,001-992-766-0695x431
400,Heather Morrison,"9126 Hayden Mountains, North Breanna, DE 19863",heather.morrison@petersen.info,(704)414-2369x59135
401,Duane Smith,"6069 Norton Flats, South Michellestad, MS 38916",duane.smith@mack.com,6768192815
402,Kenneth Daniels,"977 Stewart Cliff, Ericaton, IL 61463",kenneth.daniels@thomas.net,(806)305-0904x065
403,Mrs. Lisa Schultz,"86686 Francisco Rapids, Watsonmouth, IA 50756",mrs..lisa.schultz@wagner.org,676.637.9296x52185
404,David Washington,"406 Alicia Club Suite 554, Palmerton, AR 71688",david.washington@gonzales.com,861-590-8131x9780
405,Adam Martin,"6866 Roberts Harbor Apt. 332, Port Vincentshire, OR 97303",adam.martin@hensley.com,(762)682-5591
406,Jack King,"47477 Peters Trafficway Apt. 989, South Brittanyfort, AR 71784",jack.king@moore-pierce.org,339-486-1868x4286
407,Gloria Nelson,"7695 Sanchez Radial, Butlerport, WV 26146",gloria.nelson@jones.com,316.730.9475
408,Peter Oconnor,"21328 Hinton Shore, North Jennifer, NY 12692",peter.oconnor@moore.com,+1-788-587-8416
409,Keith Howell,"5493 Dixon Estates, North Mason, IN 47304",keith.howell@boyd-carr.com,(712)588-6729
410,Zachary Carey,"597 Dean Street Suite 534, North Thomasside, OR 97506",zachary.carey@woods-mills.info,001-602-720-5264x03367
411,Daniel Henry DDS,"88247 Hatfield Springs, Wagnertown, NM 88407",daniel.henry.dds@gentry.com,+1-957-913-0691x3546
412,Crystal Martinez,"384 Margaret Forges, Lynnfurt, WA 98641",crystal.martinez@morton.org,622.752.8852x15074
413,Jerry Vaughn,"28899 Sharon Throughway Suite 357, Dayland, KY 42780",jerry.vaughn@mason-ramirez.info,639.532.8684
414,Heather Miller,"59685 Sarah Plains Suite 118, New Charlesside, MT 59340",heather.miller@freeman.org,001-855-450-6381x5547
415,Corey Matthews,"3876 Sydney Roads Suite 550, Walkerland, UT 84331",corey.matthews@lin-marsh.net,001-585-390-3521x70731
416,Marisa Wallace,"417 Amy Overpass, Hannahmouth, AL 35121",marisa.wallace@richardson.org,(237)377-7440x1684
417,Catherine Gonzalez,"516 Obrien Plaza, Rushtown, MS 39760",catherine.gonzalez@levine.com,+1-427-262-9530x545
418,Joseph Harris,"50940 Jonathan Key Suite 216, East Kathleenhaven, AK 99804",joseph.harris@mcguire-morgan.org,001-597-886-7803x1816
419,Julie Hurley,"79305 Susan Burgs, Doylestad, NJ 08613",julie.hurley@stewart.com,001-807-461-8432
420,Kimberly Edwards,"093 David Courts, Greenborough, DC 20010",kimberly.edwards@jordan.biz,001-396-815-8355x6894
421,Morgan Moore,"15924 Richards Locks, New Lucas, NM 87797",morgan.moore@smith-anderson.com,222-584-7476x270
422,Joseph Williams,"743 Smith Vista, New Johnfurt, IA 51901",joseph.williams@delgado-buck.biz,364.408.4315x6860
423,Gary Turner,"47477 Peters Trafficway Apt. 989, South Brittanyfort, AR 71784",gary.turner@mcfarland.com,+1-908-241-9188
424,Taylor Huber,"2009 Hansen Extensions Suite 603, North Paul, KY 42766",taylor.huber@bennett.com,927-277-9065x012
425,Gina Estrada,"960 Mays Parkway Suite 861, Jacksonville, MA 01683",gina.estrada@morgan.com,+1-806-627-4271
426,Michael Thomas,"50940 Jonathan Key Suite 216, East Kathleenhaven, AK 99804",michael.thomas@gonzalez.com,(513)206-1255
427,Jennifer Powell MD,"92532 Mario Port Suite 157, East Janet, SC 29425",jennifer.powell.md@taylor.com,(543)305-6583x9533
428,Mrs. Deanna Garcia PhD,"1456 Michael Motorway, Rodriguezport, MS 39182",mrs..deanna.garcia.phd@robinson.biz,+1-718-649-6755x30970
429,Taylor Byrd,"44329 Jensen Trafficway Suite 949, Port Deborah, MS 38618",taylor.byrd@mccormick.com,398.834.5004
430,Suzanne Avila,"4769 Ramos Coves, Joanchester, AR 72516",suzanne.avila@bowers-robinson.com,001-415-778-4655x66844
431,Manuel Elliott,"14436 Amy Glens Apt. 921, North Michelle, NH 03551",manuel.elliott@castillo.com,377.521.2073x57821
432,Karen Tran,"7749 Bobby Port Apt. 144, Williamsside, ID 83814",karen.tran@burgess.com,792.377.0412x3820
433,Tanya Mason,"146 Dawn Orchard Suite 351, Jamesfurt, OR 97226",tanya.mason@mullen-sutton.biz,(763)902-4448
434,Heather Brooks,"2065 Johnson Stravenue, Jenniferside, OK 73114",heather.brooks@moss-johnson.org,001-276-294-8151
435,Derrick Keith,"25888 Simmons Turnpike Apt. 950, Jayville, GA 30328",derrick.keith@rasmussen.biz,297.941.8153x084
436,Andrea Lee,"24744 Lynn Shores Apt. 236, Katiehaven, GA 31912",andrea.lee@donovan.info,209-440-6724
437,Alison Patterson,"14436 Amy Glens Apt. 921, North Michelle, NH 03551",alison.patterson@garza.com,001-941-823-7780x1025
438,Jonathan Lopez,"3102 Maldonado Meadows, Marquezburgh, SD 57459",jonathan.lopez@adkins.org,957.414.5146x64532
439,David Villarreal,"6854 Martin Road, Ibarrafort, RI 02909",david.villarreal@clark-johnson.com,001-881-252-5716x115
440,Katelyn Morgan,"996 Jeffrey Shoals, Port Deborah, NE 68047",katelyn.morgan@kramer-james.com,(362)476-6696x462
441,Melissa Davis,"94050 Ingram Curve, West Elizabeth, NV 89405",melissa.davis@phillips-collins.com,+1-216-451-4092x90294
442,Kim Sutton,"516 Obrien Plaza, Rushtown, MS 39760",kim.sutton@adkins.org,+1-238-386-2028
443,Lynn Green,"75734 Reed Plaza Apt. 769, West Emilymouth, SC 29089",lynn.green@hunt.info,+1-780-970-5833
444,Sara Ortiz,"04947 Susan Station, New Joshuatown, TN 37130",sara.ortiz@brady.com,4512093886
445,Richard Schmitt,"3948 Cook Throughway, Welchburgh, WV 24817",richard.schmitt@rodriguez.com,815.348.8858
446,Brendan Ford Jr.,"4929 Yvonne Fork, New Troyberg, KY 42701",brendan.ford.jr.@rollins.com,(351)622-9705x739
447,David Keller,"627 Collins Fork Apt. 024, Baldwinshire, SD 57563",david.keller@sanchez.biz,001-736-584-4492x0935
448,Leah Dixon,"935 Grant Court, North Daniel, DE 19952",leah.dixon@ward-richardson.biz,588.666.3714x07870
449,Margaret Nelson,"407 Melissa Plains, Kevinland, NC 27938",margaret.nelson@huynh.com,870.495.6450x6299
450,Richard Hughes,"9547 Justin Mills Suite 942, Becktown, RI 02939",richard.hughes@medina-scott.com,+1-443-829-6909x4949
451,Daniel Armstrong,"452 Brooke Mill, South Cesar, DC 20032",daniel.armstrong@potts-mitchell.com,+1-879-468-5708x74213
452,Larry Boyd,"25319 John Circles Suite 309, Taylorside, WV 25212",larry.boyd@vang.com,(780)656-7446x147
453,Lisa Foster,"25319 John Circles Suite 309, Taylorside, WV 25212",lisa.foster@williams.com,847.418.3177
454,Deborah Moore,"490 Melinda Ranch Suite 258, Barkermouth, LA 70382",deborah.moore@gomez.biz,569-332-3536x11829
455,Claudia Parks,"2065 Johnson Stravenue, Jenniferside, OK 73114",claudia.parks@mitchell.com,001-687-797-9387
456,Craig Harris,"743 Smith Vista, New Johnfurt, IA 51901",craig.harris@alexander-miller.net,568-630-7808x991
457,Teresa Graham,"2254 James Alley, Destinyfort, ME 04074",teresa.graham@schwartz.com,(914)695-0318
458,Mary Floyd,"2043 Ponce Mountain, Aguirretown, NJ 07404",mary.floyd@smith.com,001-529-496-0955
459,Shari Bentley,"528 Megan Alley Suite 389, North Heidi, VA 24202",shari.bentley@chan-daniel.net,001-477-599-6416x605
460,Kelly Long,"78814 Jeremy Manor, Mooreland, OK 73160",kelly.long@diaz.com,969.799.7714x607
461,Thomas Foster,"092 Matthew Court, North Brittanyland, DE 19723",thomas.foster@thomas.com,001-779-552-8624x104
462,Elizabeth Heath,"9873 Raymond Dale, New Wendy, RI 02835",elizabeth.heath@robbins.com,334-793-3263x7242
463,Joel Hicks,"71457 Monica Loop, North Gabriellaside, MI 48067",joel.hicks@peterson-green.com,243.498.3240x9493
464,Kevin Sloan,"5008 Stacey Wells Suite 592, Mezaburgh, MT 59165",kevin.sloan@garcia.com,561-457-1946x6039
465,Justin Ochoa,"996 Jeffrey Shoals, Port Deborah, NE 68047",justin.ochoa@martin-patterson.info,(700)533-2845x489
466,James Ford,"960 Mays Parkway Suite 861, Jacksonville, MA 01683",james.ford@bell-zamora.net,001-387-514-2104x099
467,Kristin Johnson,"589 Marshall Lake, East Joannport, MN 56638",kristin.johnson@barnes-price.com,001-409-549-5154
468,Rita Owens,"5793 Adams Station Apt. 770, Lake Carrie, MS 39765",rita.owens@rivera.org,+1-713-925-1674x07075
469,Paul Mejia,"6109 Kelly Hills, Laurenshire, NH 03355",paul.mejia@murphy.com,+1-711-360-6869x2571
470,Parker Beck,"62576 Connor Hills Suite 164, East Charles, VT 05081",parker.beck@lopez.info,+1-437-953-1259
471,Martin Gibson,"50940 Jonathan Key Suite 216, East Kathleenhaven, AK 99804",martin.gibson@arias.com,606-989-7154x032
472,John Herrera,"26129 Valerie Mills, South Charlesmouth, AZ 85519",john.herrera@zamora.info,676-524-5804
473,Kayla Acosta,"6549 Cheryl Mount Apt. 814, East Dianaville, NE 68082",kayla.acosta@hancock-martinez.com,672.590.7234
474,Robert Jones,"933 Porter Port Suite 274, Thompsonhaven, IN 47160",robert.jones@anderson.com,+1-334-228-8162x132
475,Blake Lowery,"6993 Rita Club Apt. 421, North Ronniestad, RI 02859",blake.lowery@barrera.net,(652)803-0688
476,David Ellison Jr.,"063 Gavin Divide Suite 325, Lake Albert, DE 19814",david.ellison.jr.@maxwell.com,+1-204-516-5889x41162
477,Robert Brown,"4640 Smith Meadows Apt. 214, Amyfurt, WY 82079",robert.brown@martinez-young.com,001-947-974-2251x762
478,Steven Hinton,"406 Alicia Club Suite 554, Palmerton, AR 71688",steven.hinton@johnson.com,770.566.7466x404
479,Amber Thompson,"96821 Hester Glen, Port Sean, MN 56357",amber.thompson@blanchard.com,(514)736-6950
480,Tiffany Phillips,"8097 Lowe Unions Apt. 174, Davidstad, NH 03836",tiffany.phillips@cruz.com,+1-878-718-1851x6798
481,Kenneth Snyder MD,"83544 Janet Lake Suite 667, Port Austin, AK 99667",kenneth.snyder.md@knight-lopez.com,783.337.7067
482,Krystal Kirk,"52170 Young Crescent, Lake Cameron, OH 44501",krystal.kirk@velasquez.com,517.747.8967x9105
483,Melissa King,"56276 Graham Meadow Suite 621, New Lauren, LA 70719",melissa.king@levine-riddle.biz,+1-576-311-1637
484,Alexis Steele MD,"044 Blackburn Station, Jacobtown, NJ 07334",alexis.steele.md@robinson.com,(960)837-6395x6856
485,Linda Massey,"78814 Jeremy Manor, Mooreland, OK 73160",linda.massey@moon.org,+1-609-733-3902x082
486,Linda Brown,"09475 Lara Underpass Suite 947, Marcusfort, UT 84475",linda.brown@nguyen.com,214.213.8176x6652
487,Jordan Wallace,"36600 Melissa Station, Hendricksborough, DC 20026",jordan.wallace@benson.com,4695628589
488,Evan Lawrence,"3742 Carter Prairie Apt. 943, Wesleychester, TN 38042",evan.lawrence@campbell-schmidt.biz,642.642.3321x8199
489,David Jordan,"52170 Young Crescent, Lake Cameron, OH 44501",david.jordan@wade-lynch.biz,432.619.6960x0976
490,Cynthia Sparks,"48986 Heather Cove, Martinezfurt, AR 72164",cynthia.sparks@huff.org,990.787.9324x66586
491,Ryan Dorsey,"2014 Richmond Views Suite 149, Lake Casey, IL 60267",ryan.dorsey@mclean.com,678-763-7017
492,Sarah Allen DDS,"516 Obrien Plaza, Rushtown, MS 39760",sarah.allen.dds@gray-rodriguez.com,001-427-653-8739x4573
493,Bryce White,"27993 Hart Place Apt. 886, North David, AZ 85219",bryce.white@ingram.com,+1-315-319-4102x629
494,Maria Allen,"54448 David Courts Apt. 621, Port Rebecca, MI 48868",maria.allen@burch-peterson.org,+1-828-723-5469
495,Brandon Drake,"4954 Michael Field, Andrewhaven, OK 73183",brandon.drake@choi.com,(903)669-8980x303
496,Nicolas Bailey,"62576 Connor Hills Suite 164, East Charles, VT 05081",nicolas.bailey@fisher-padilla.com,(390)744-1017
497,Benjamin Wall,"910 Kelley Parkways, New Crystalside, AZ 85450",benjamin.wall@dominguez.org,262-679-3894x1677
498,David Hamilton,"6109 Kelly Hills, Laurenshire, NH 03355",david.hamilton@solis.com,783.768.6667x46571
499,Michele Garcia,"54677 Emily Junctions, Matthewshire, NC 27377",michele.garcia@eaton-mathis.net,920.390.2408
500,Christian Carter,"7440 Gutierrez Plain, North Kimberlyfurt, HI 96820",christian.carter@ochoa.com,667.736.4730x56678
501,Jose Miller,"40174 Brenda Knolls, Lake Christinemouth, ND 58398",jose.miller@stout-watkins.com,001-452-405-9873x362
502,Mr. Steven Hernandez,"7695 Sanchez Radial, Butlerport, WV 26146",mr..steven.hernandez@chapman-flores.com,651.992.2663
503,Alan Jefferson,"418 Vazquez Road Suite 554, Jacksonport, AR 72499",alan.jefferson@harmon.com,922-746-3551x32144
504,Anna Daniels,"960 Mays Parkway Suite 861, Jacksonville, MA 01683",anna.daniels@dillon.com,(738)211-0202x143
505,Derrick Collier,"881 Dwayne Brook, New Larry, PA 15175",derrick.collier@jordan.com,001-519-300-9306x7699
506,Dana Mills,"490 Melinda Ranch Suite 258, Barkermouth, LA 70382",dana.mills@johnston.com,780-416-7593
507,James Francis,"95927 Laura Squares, Port Haley, MA 02373",james.francis@hunt.info,629-964-8214
508,Melinda Silva,"59685 Sarah Plains Suite 118, New Charlesside, MT 59340",melinda.silva@lewis.net,001-800-271-3066x9641
509,Crystal Spencer,"539 Christopher Route Suite 668, West Ashleychester, TN 37432",crystal.spencer@martinez.com,(368)892-4216x33762
510,Jason Scott,"937 Carla Centers, Port Saraburgh, OK 73148",jason.scott@mosley.info,6699459813
511,Jeanette Rodriguez MD,"606 Cheryl Keys Apt. 822, Millerberg, TX 78825",jeanette.rodriguez.md@sheppard-schroeder.biz,581.916.2771
512,Barbara Lindsey,"7978 Martinez Village Suite 478, Lake Timothyland, AL 36675",barbara.lindsey@rodriguez.com,+1-278-641-7386x16246
513,Barbara Reilly,"56320 Thompson Coves Suite 376, Deniseville, VT 05458",barbara.reilly@johnson.com,(656)524-0203x62438
514,Joseph Barrera,"915 Christina Brooks Suite 994, Thompsonshire, IL 62739",joseph.barrera@jackson-cain.biz,453.499.6337
515,Angela Dominguez,"8034 Espinoza Cove Apt. 177, Hernandezshire, GA 30726",angela.dominguez@williams-cruz.biz,+1-548-695-9092x3275
516,Tamara Freeman,"0538 Curtis Stravenue Apt. 021, Jesseton, KS 67157",tamara.freeman@jones.com,001-303-878-8174
517,Arthur Martinez,"23167 Christine Brooks Apt. 920, West Tommy, NE 68019",arthur.martinez@king.com,322.778.1156
518,Anthony Cook,"7749 Bobby Port Apt. 144, Williamsside, ID 83814",anthony.cook@stone-diaz.com,843.221.2545x449
519,Meredith Leonard,"2125 Patricia Throughway, Port Brianport, KS 67613",meredith.leonard@burke.org,001-325-517-8723x80055
520,Cheryl Gordon,"2125 Patricia Throughway, Port Brianport, KS 67613",cheryl.gordon@johnson.info,001-702-906-8193x901
521,Nicole Coffey,"9361 Howard Bypass Apt. 404, Sullivanborough, DE 19923",nicole.coffey@vasquez.com,469-536-4536
522,Diana Robles,"401 Haynes Dale Suite 519, South Ryan, HI 96847",diana.robles@west-galloway.com,001-874-485-8732x386
523,Tiffany Alexander,"877 Jones Underpass Suite 480, Davismouth, MD 20896",tiffany.alexander@hill.net,534-717-9895
524,Joseph Shaffer,"977 Stewart Cliff, Ericaton, IL 61463",joseph.shaffer@williams.com,(605)732-3477x595
525,William Weber,"418 Vazquez Road Suite 554, Jacksonport, AR 72499",william.weber@smith-jennings.org,220-612-9603x17687
526,Sarah Torres,"920 Cantu Trail, Lake Ashley, MI 49057",sarah.torres@watts.com,(252)737-0412x8407
527,Anna Meyer,"2014 Richmond Views Suite 149, Lake Casey, IL 60267",anna.meyer@miller-warren.com,327-532-3529
528,Nicholas Martinez,"12370 Daniel Fields Apt. 874, Danielland, OK 73091",nicholas.martinez@nguyen-fuentes.biz,(477)825-6370
529,Christopher Thomas,"14436 Amy Glens Apt. 921, North Michelle, NH 03551",christopher.thomas@booth.com,(565)729-2287x4229
530,Laura Obrien,"2138 Gutierrez Stravenue, Watsonshire, AK 99875",laura.obrien@duran.com,700-204-8805x2065
531,Frederick Williamson,"98496 Michael Via Apt. 186, Lake Rebeccashire, CO 80144",frederick.williamson@miranda.org,(724)416-4957
532,Mark Blair,"488 Smith Heights Apt. 064, Port Lauraton, WV 26276",mark.blair@hatfield-peters.com,6144436838
533,Antonio Hunter,"675 Joshua Forge Suite 524, Boonestad, CA 91539",antonio.hunter@garcia.com,582.692.0671x323
534,Sandy Jones,"89367 Green Points, West Jeffhaven, KY 40040",sandy.jones@murray.info,362-514-3373x85485
535,Joseph Berry,"6069 Norton Flats, South Michellestad, MS 38916",joseph.berry@king.biz,514-648-4487x78953
536,Elizabeth Gray,"851 Schultz Stravenue, Lake Paul, UT 84652",elizabeth.gray@anderson.biz,001-882-600-9205
537,George Smith,"9126 Hayden Mountains, North Breanna, DE 19863",george.smith@estrada.org,558.258.8571x5822
538,Jennifer Contreras,"406 Alicia Club Suite 554, Palmerton, AR 71688",jennifer.contreras@escobar.com,(753)940-4145x635
539,Kimberly Gardner,"92178 Harris Mission Apt. 174, Stevenfurt, DE 19853",kimberly.gardner@smith.biz,873-468-3642x0925
540,Nicole Johnson,"09475 Lara Underpass Suite 947, Marcusfort, UT 84475",nicole.johnson@howard.com,699-671-5722x06190
541,Jennifer Lin,"4485 Myers Stravenue Suite 127, Lake Kimberlyside, WY 82331",jennifer.lin@mason.com,474.716.9922
542,Dylan Rich,"68685 Caitlin Fields Suite 227, Port Daniel, TN 37842",dylan.rich@flynn-harvey.com,872.361.3294
543,Melissa Aguirre,"362 Taylor Mill, West Alyssamouth, MT 59456",melissa.aguirre@hill-black.biz,001-731-482-8236x05968
544,Zachary Bowers,"71126 William Crossroad Suite 591, Andreaport, CO 80640",zachary.bowers@poole.com,001-318-965-6104
545,Victor Brown,"50940 Jonathan Key Suite 216, East Kathleenhaven, AK 99804",victor.brown@martin.biz,587-818-5250
546,Susan Rivers,"72117 Hood Stravenue, West Scott, FL 32112",susan.rivers@stafford-miles.com,657.244.2246
547,Darlene Garcia,"274 Cooper Road, Lake Luis, VA 23405",darlene.garcia@thompson-boyd.com,363.313.9356x330
548,Paul Fox,"47477 Peters Trafficway Apt. 989, South Brittanyfort, AR 71784",paul.fox@hardy.com,734-711-0761x989
549,Brian Campbell,"198 Cindy Common, East Andrew, MT 59161",brian.campbell@lynn.info,921.776.2779
550,Crystal Hunt,"28899 Sharon Throughway Suite 357, Dayland, KY 42780",crystal.hunt@jones.net,(292)269-2513x91816
551,Mathew Wilson,"362 Taylor Mill, West Alyssamouth, MT 59456",mathew.wilson@sosa.net,(931)688-3390x0440
552,Patricia Cox,"2043 Ponce Mountain, Aguirretown, NJ 07404",patricia.cox@sheppard.com,916-363-6462
553,Carlos Yang,"14436 Amy Glens Apt. 921, North Michelle, NH 03551",carlos.yang@hart-rose.com,428-906-4060
554,Noah Oneill,"75734 Reed Plaza Apt. 769, West Emilymouth, SC 29089",noah.oneill@chandler-white.com,+1-323-224-2354
555,Renee Davis,"88842 Sellers Plaza, South Emily, OH 45623",renee.davis@mann.com,536-460-0086
556,Dylan Bowers,"52640 Elaine Shore, Nunezhaven, KS 67144",dylan.bowers@hall.com,5227803133
557,Denise Brown,"987 Ashley Vista Suite 953, East Candice, MA 02422",denise.brown@mclaughlin.com,4156405239
558,James Harris,"775 Horton Ramp, South Christopherville, DC 20003",james.harris@delgado.biz,887-600-6046
559,Jessica Meyer,"6563 Eddie Plaza, West Alexandermouth, AL 36166",jessica.meyer@moore.com,+1-821-240-5036x1380
560,Lee Shelton,"1388 Nathan Forks, Harrisstad, AK 99560",lee.shelton@johnson.com,827.577.2660x6257
561,Brooke Wagner MD,"3568 Mary Shores, East Kendrabury, CT 06346",brooke.wagner.md@bailey-becker.biz,333-517-2100x747
562,John Nelson,"9312 Page Lock, Robertsport, GA 31216",john.nelson@bridges.com,001-386-957-9788x71447
563,Jonathan Cooper,"5055 Jean Ramp, Watsonfort, HI 96716",jonathan.cooper@smith.com,(918)766-7324x40920
564,Robert Brooks,"21561 Candice Plains Suite 137, Lake Williammouth, CT 06341",robert.brooks@jones.com,591-349-4062x67627
565,Veronica Benjamin,"657 Reed Forest Suite 989, East Bradleyfort, OK 73073",veronica.benjamin@carter.com,+1-282-606-4268x10970
566,Timothy Fox,"47477 Peters Trafficway Apt. 989, South Brittanyfort, AR 71784",timothy.fox@reese-santiago.com,+1-751-804-1793x807
567,Kenneth Pitts,"676 Nancy Summit Apt. 933, New Lori, GA 31301",kenneth.pitts@brown.com,(626)432-9629x7892
568,Brandy Fowler,"1388 Nathan Forks, Harrisstad, AK 99560",brandy.fowler@bates.net,667-558-9016x457
569,Cheryl Valenzuela MD,"2043 Ponce Mountain, Aguirretown, NJ 07404",cheryl.valenzuela.md@cisneros.com,001-986-445-9257
570,Catherine Trujillo,"686 Best Shoals, Bullockport, MT 59329",catherine.trujillo@goodwin.com,665-763-4073
571,Kimberly Long,"48986 Heather Cove, Martinezfurt, AR 72164",kimberly.long@ross.info,985-818-9394
572,Amanda Pearson,"50940 Jonathan Key Suite 216, East Kathleenhaven, AK 99804",amanda.pearson@valenzuela.com,(970)968-1331
573,Mathew Smith,"851 Schultz Stravenue, Lake Paul, UT 84652",mathew.smith@steele-taylor.com,9076308502
574,Michelle Robinson,"9126 Hayden Mountains, North Breanna, DE 19863",michelle.robinson@hanson-owens.com,+1-663-863-6082x160
575,Vincent Glass,"047 John Fall, Hensonland, AR 72898",vincent.glass@williams-martinez.biz,745-639-0638
576,Luis Werner,"60894 Hooper Squares, Eatonside, MT 59831",luis.werner@cross-johns.com,209.366.0702x02828
577,Robert Bush,"5055 Jean Ramp, Watsonfort, HI 96716",robert.bush@bailey-johnson.info,863.713.0622x21717
578,Craig Bowman,"1456 Michael Motorway, Rodriguezport, MS 39182",craig.bowman@walker.com,(217)424-8004x8452
579,Terry Holder,"99800 Gross Forest, Weeksport, VT 05480",terry.holder@obrien.biz,(589)228-0094
580,Jennifer Berry,"24744 Lynn Shores Apt. 236, Katiehaven, GA 31912",jennifer.berry@rojas.com,327-254-0573x2129
581,Bradley Jones,"84070 Michelle Highway Apt. 658, Cameronville, TX 78776",bradley.jones@raymond-perez.info,001-966-606-1335x6242
582,Mark Ruiz,"84070 Michelle Highway Apt. 658, Cameronville, TX 78776",mark.ruiz@conner.com,(709)692-2104x981
583,Meghan Shah,"4954 Michael Field, Andrewhaven, OK 73183",meghan.shah@khan.com,562-363-1098
584,Robert Gallegos,"92726 David Dale, North Katherineshire, OK 73119",robert.gallegos@webb.org,349.607.4700x4675
585,Leslie Brady,"8097 Lowe Unions Apt. 174, Davidstad, NH 03836",leslie.brady@stevens.com,675-313-6061x355
586,Patrick Thomas,"58092 Gregory Square, West James, GA 31404",patrick.thomas@clark.com,568-444-4433x681
587,Sue Mason,"54677 Emily Junctions, Matthewshire, NC 27377",sue.mason@taylor.net,(627)607-1650
588,Kelsey Jenkins,"544 Miller Pines, Port Danielmouth, MO 65123",kelsey.jenkins@brown-fischer.net,4197793482
589,Debra Sharp,"544 Miller Pines, Port Danielmouth, MO 65123",debra.sharp@chung-henson.com,+1-497-908-0999x15693
590,Daniel Potts,"953 Salinas Keys Apt. 688, Wilsonberg, CT 06025",daniel.potts@douglas.biz,3649951046
591,John Schneider,"6184 Martha Mountains Apt. 986, West Kyleview, MA 01591",john.schneider@lopez.com,+1-807-886-0420
592,Melissa Matthews,"4954 Michael Field, Andrewhaven, OK 73183",melissa.matthews@bradford.com,202.561.6287x41313
593,David Smith,"6231 Ballard Coves Apt. 808, New Leahborough, AL 35004",david.smith@jones-hernandez.com,+1-213-905-0536x6917
594,Tiffany Montoya,"685 Megan Villages Apt. 166, Hillberg, FL 34430",tiffany.montoya@thornton.biz,(985)454-8221
595,Andrea Wilson,"378 Angela Points Apt. 186, Lake Christopher, AR 72438",andrea.wilson@keith.net,(440)704-5887
596,Miguel Marshall,"9873 Raymond Dale, New Wendy, RI 02835",miguel.marshall@sweeney.net,+1-283-770-8925x49848
597,Sara Stewart,"27993 Hart Place Apt. 886, North David, AZ 85219",sara.stewart@bell.info,3862250989
598,Terry Mullins,"5008 Stacey Wells Suite 592, Mezaburgh, MT 59165",terry.mullins@shaw.org,429.460.5571x402
599,Gregory Beard,"65715 Christina Island, Davishaven, TN 37687",gregory.beard@robinson.net,254-754-9848
600,Henry Compton,"269 Mary Crescent Apt. 918, South Kathleentown, TX 75981",henry.compton@gross.com,256-724-8980x946
601,Mia Coleman,"009 Galvan Stravenue Apt. 840, Lake Rebecca, NC 28623",mia.coleman@navarro.com,001-638-426-5725
602,Samantha Matthews DDS,"3523 Wagner Loop, East Desireeborough, OR 97683",samantha.matthews.dds@boone-reyes.com,2604624427
603,Jackie Bradford,"286 Katie Fork Suite 774, Port Caseymouth, RI 02822",jackie.bradford@cruz.com,6998136938
604,Angelica Rodriguez,"589 Marshall Lake, East Joannport, MN 56638",angelica.rodriguez@barnes-tapia.biz,+1-645-786-2318
605,Susan Campbell,"65715 Christina Island, Davishaven, TN 37687",susan.campbell@lewis.net,354-595-6862x232
606,Madeline Hodge,"89367 Green Points, West Jeffhaven, KY 40040",madeline.hodge@roberts.com,397-548-4564
607,David Farmer,"561 Johnson Ridges Apt. 656, Mcmillanstad, OH 43716",david.farmer@black-garcia.info,+1-547-823-0716x91826
608,Felicia Green,"3283 Thompson Row, West Carl, KY 40704",felicia.green@singh.com,5649054819
609,Douglas Wright,"758 Norris Square, Thomasville, MI 49070",douglas.wright@davis.com,+1-914-773-3939x73640
610,Holly Lopez,"5689 Wilson Parkway, Yangmouth, AK 99502",holly.lopez@martinez.com,+1-495-873-2644x177
611,Joshua Moore,"6993 Rita Club Apt. 421, North Ronniestad, RI 02859",joshua.moore@aguilar.net,9255642894
612,Katherine Martin,"4074 Sandra Wells, Robertsport, CA 95325",katherine.martin@brown.info,774.373.2009
613,Ashley Roberts,"528 Megan Alley Suite 389, North Heidi, VA 24202",ashley.roberts@potts.com,343.857.3592
614,James Giles,"561 Johnson Ridges Apt. 656, Mcmillanstad, OH 43716",james.giles@miller.com,(662)775-1407
615,Sierra Chandler,"50722 Wong Parkway, Port Claudialand, MN 56435",sierra.chandler@king.info,001-743-280-4709x90429
616,Daniel Mcbride,"12806 Smith Camp Apt. 971, Chandlerburgh, AZ 86144",daniel.mcbride@porter-johnson.info,001-879-735-7013
617,Adrienne Miller,"52170 Young Crescent, Lake Cameron, OH 44501",adrienne.miller@black.com,+1-866-915-0959
618,Leslie Kennedy,"862 Martha Skyway, New Kimberlybury, VT 05134",leslie.kennedy@parker-estes.net,233.625.5651x5166
619,Lynn Nichols,"12806 Smith Camp Apt. 971, Chandlerburgh, AZ 86144",lynn.nichols@moore.com,940-419-8094
620,Daniel Michael,"539 Christopher Route Suite 668, West Ashleychester, TN 37432",daniel.michael@martin.com,+1-911-998-7953x831
621,Dawn Wood,"04288 Martin Shoals Suite 295, North Samantha, AR 72138",dawn.wood@willis.com,7515443552
622,Kathleen Cordova,"04947 Susan Station, New Joshuatown, TN 37130",kathleen.cordova@kirk.com,(468)416-5764
623,Renee Ford,"1130 Rachel Ford Suite 210, Lake Brian, AR 71644",renee.ford@farmer.com,(514)310-3447x67847
624,Karen Avila,"6854 Martin Road, Ibarrafort, RI 02909",karen.avila@mitchell.biz,414-553-9920x0472
625,Michael Williams,"27564 Sharon Route, South Tylerside, AR 72582",michael.williams@love-davenport.net,799.388.4826x06352
626,Jeffrey Harris,"401 Haynes Dale Suite 519, South Ryan, HI 96847",jeffrey.harris@oliver-montgomery.com,001-996-806-4845x0158
627,Guy Davis,"85573 Roberto Run Suite 908, Vincentberg, NH 03560",guy.davis@burton-winters.info,(889)778-5614x091
628,Krista Baird,"25319 John Circles Suite 309, Taylorside, WV 25212",krista.baird@west.com,+1-929-888-3959
629,Betty Ramos,"04947 Susan Station, New Joshuatown, TN 37130",betty.ramos@brown-wilson.info,478-510-5097x22997
630,Glenn Mitchell,"12331 Jenna Shoals Suite 056, Lake Charles, NE 68104",glenn.mitchell@jackson-williams.com,612-767-6661x2539
631,Christopher Chandler,"5793 Adams Station Apt. 770, Lake Carrie, MS 39765",christopher.chandler@molina.com,001-607-715-5292x52120
632,Kelly Gomez,"75734 Reed Plaza Apt. 769, West Emilymouth, SC 29089",kelly.gomez@brown.net,520.953.2540
633,Pamela Anthony,"123 Deborah Field Apt. 520, South Scottport, MN 55028",pamela.anthony@goodwin.com,001-519-713-0250x86631
634,Tanya Johnson,"98496 Michael Via Apt. 186, Lake Rebeccashire, CO 80144",tanya.johnson@griffin.com,001-313-326-0507x374
635,Kathleen Jacobs,"7721 Peterson Lock, New Jeremiah, WA 98409",kathleen.jacobs@jones.info,+1-733-601-4789
636,Beverly Mcdonald,"5055 Jean Ramp, Watsonfort, HI 96716",beverly.mcdonald@harris.com,(686)647-4290x749
637,Robert Wilson,"26457 Lisa Summit, Port Amanda, MN 55482",robert.wilson@snyder-andrews.com,356.540.6938
638,Michael Garcia,"00015 Johnson Terrace, East Caitlin, ND 58550",michael.garcia@palmer.com,001-937-410-7138x97291
639,Shelby Silva,"00015 Johnson Terrace, East Caitlin, ND 58550",shelby.silva@robles.org,988.259.5717
640,Deborah Skinner,"528 Megan Alley Suite 389, North Heidi, VA 24202",deborah.skinner@strong-hubbard.com,001-925-879-1599x9242
641,Kimberly Smith,"28528 Michael Circles Apt. 108, West Chelsey, WI 53516",kimberly.smith@rogers.net,656.516.7348x5530
642,Jason Delacruz,"78814 Jeremy Manor, Mooreland, OK 73160",jason.delacruz@preston.biz,(293)469-6144
643,Mr. John Conrad,"362 Taylor Mill, West Alyssamouth, MT 59456",mr..john.conrad@perez-davis.org,+1-705-952-4885x280
644,Jonathan Bowen,"7518 Cooper Green, West Ashley, WV 25035",jonathan.bowen@taylor.com,612-441-6753x743
645,Kayla Aguirre,"3777 Elizabeth Springs, Kellyland, NV 89626",kayla.aguirre@walsh-hall.com,001-747-771-9414
646,Joshua Elliott,"432 Evans Oval Apt. 738, Derekburgh, VA 22125",joshua.elliott@thompson.info,+1-497-921-0791x5685
647,Elizabeth Franklin,"87173 April Flats Suite 736, Scottton, MI 48863",elizabeth.franklin@ramirez.com,(598)719-0874
648,Matthew Levy,"82176 Cody Flats Apt. 563, North Heidi, CO 81433",matthew.levy@dominguez-drake.com,(788)919-6603
649,Elizabeth Garrison,"81766 Rogers Squares, New Nancytown, ND 58048",elizabeth.garrison@fox.info,001-567-667-1054x5370
650,Jeremiah Bell,"15163 Baker Turnpike Apt. 372, North Joseph, TX 79658",jeremiah.bell@reed-holder.net,694-744-4383x6139
651,Karen Frazier,"3102 Maldonado Meadows, Marquezburgh, SD 57459",karen.frazier@johnson-robles.com,(415)775-2079x90942
652,Rebecca Brown,"7173 Sandra Landing Apt. 937, North Dennis, VT 05238",rebecca.brown@meyers.com,+1-799-771-1070x913
653,Jonathan Cobb,"04617 Gonzalez Shoals Suite 180, Padillafurt, AK 99633",jonathan.cobb@baker-smith.com,001-209-982-8990x2896
654,Jesse Bradley,"3568 Mary Shores, East Kendrabury, CT 06346",jesse.bradley@baker-henderson.net,001-945-219-5687x0343
655,Emily Willis,"6549 Cheryl Mount Apt. 814, East Dianaville, NE 68082",emily.willis@dixon-gonzalez.com,854-960-4166x3597
656,Amy Morton,"761 Samantha Meadow Apt. 793, East Cheyenneport, WV 25938",amy.morton@rodriguez-barton.com,416-549-2757x82175
657,Donna Thompson,"4640 Smith Meadows Apt. 214, Amyfurt, WY 82079",donna.thompson@bridges.com,365.681.5353x441
658,Mrs. Lisa Bradshaw,"68685 Caitlin Fields Suite 227, Port Daniel, TN 37842",mrs..lisa.bradshaw@hawkins.com,001-602-919-7996
659,Monica Branch,"80203 Mark Stream Suite 401, Lake Ian, OH 44809",monica.branch@davis-hunt.com,840-492-3492x627
660,Shawn Davis,"25888 Simmons Turnpike Apt. 950, Jayville, GA 30328",shawn.davis@boyle-wilkerson.com,(790)504-0464x52146
661,Melanie Williams,"8916 Charles Shoal Suite 498, Amandaberg, KY 40127",melanie.williams@richardson.org,774.611.0052x425
662,Michele Watson,"488 Smith Heights Apt. 064, Port Lauraton, WV 26276",michele.watson@tyler.biz,+1-708-766-8076x1712
663,Amber Lee,"490 Melinda Ranch Suite 258, Barkermouth, LA 70382",amber.lee@anderson-thompson.biz,(319)732-9412x9319
664,Donald Munoz,"83544 Janet Lake Suite 667, Port Austin, AK 99667",donald.munoz@ortega-townsend.net,681.340.7540
665,Brittney Stewart,"36835 Edwards Cliff Suite 964, Lawrenceburgh, OK 73177",brittney.stewart@shaw.com,+1-503-352-1393x7051
666,Laura Garcia,"838 Carney Spur Apt. 846, Lake Nicholefort, DE 19896",laura.garcia@moreno-lozano.com,001-327-698-5968
667,Erika Walsh,"68685 Caitlin Fields Suite 227, Port Daniel, TN 37842",erika.walsh@rowland.info,001-896-227-0742x22854
668,Katherine Brooks,"128 Brown Estates Apt. 204, Port Matthew, IN 47361",katherine.brooks@dixon-morales.net,(227)856-1045x86574
669,Henry Watkins,"05832 Krystal Fields, Lake Mark, AL 35478",henry.watkins@scott.com,(963)450-9177x9973
670,Sarah Calhoun,"686 Best Shoals, Bullockport, MT 59329",sarah.calhoun@guerra-gilbert.info,(659)675-3029
671,Michelle Taylor,"7721 Peterson Lock, New Jeremiah, WA 98409",michelle.taylor@richardson.com,554.885.5521x5029
